ID,Category,Recipe Name,Visual Ingredients,Output Filename,AI Image Prompt
hol10,main,️ All-American Beef & Rice Casserole,"seasoned ground beef, brown rice, Diced Tomatoes, cottage cheese, roasted garlic, Yellow Onion (Large)",recipes/hol10.jpg,"Professional food photography of ️ All-American Beef & Rice Casserole. The dish contains only these ingredients: seasoned ground beef, brown rice, Diced Tomatoes, cottage cheese, roasted garlic, Yellow Onion (Large). Overhead flat-lay shot on a clean white marble surface, natural soft window light from the left, shallow depth of field, freshly plated and garnished, vibrant appetising colours, food stylist finish, no extra ingredients not listed, square 1:1 format 800x800px, no text no watermarks"
m40,main,Baked Chicken Breast & Potato,"grilled chicken breast, Baby Potatoes, Green Beans (Fresh Or Frozen), roasted garlic, lemon wedge, Fresh Rosemary Or Thyme",recipes/m40.jpg,"Professional food photography of Baked Chicken Breast & Potato. The dish contains only these ingredients: grilled chicken breast, Baby Potatoes, Green Beans (Fresh Or Frozen), roasted garlic, lemon wedge, Fresh Rosemary Or Thyme. Slight overhead angle in a rustic ceramic baking dish on a linen cloth, natural soft window light from the left, shallow depth of field, freshly plated and garnished, vibrant appetising colours, food stylist finish, no extra ingredients not listed, square 1:1 format 800x800px, no text no watermarks"
m37,main,Baked Cod & Roasted Baby Potatoes,"cod fillet, Baby Potatoes, Cherry Tomatoes, Zucchini, roasted garlic, lemon wedge",recipes/m37.jpg,"Professional food photography of Baked Cod & Roasted Baby Potatoes. The dish contains only these ingredients: cod fillet, Baby Potatoes, Cherry Tomatoes, Zucchini, roasted garlic, lemon wedge. Slight overhead angle in a rustic ceramic baking dish on a linen cloth, natural soft window light from the left, shallow depth of field, freshly plated and garnished, vibrant appetising colours, food stylist finish, no extra ingredients not listed, square 1:1 format 800x800px, no text no watermarks"
hol6,main,BBQ Chicken & Corn Rice Bowl,"grilled chicken, brown rice, Corn (Canned, Drained), Black Beans (Canned, Drained), Diced Tomatoes, greek yogurt, Sugar-Free Bbq Sauce, roasted garlic",recipes/hol6.jpg,"Professional food photography of BBQ Chicken & Corn Rice Bowl. The dish contains only these ingredients: grilled chicken, brown rice, Corn (Canned, Drained), Black Beans (Canned, Drained), Diced Tomatoes, greek yogurt. Overhead flat-lay shot on a clean white marble surface, natural soft window light from the left, shallow depth of field, freshly plated and garnished, vibrant appetising colours, food stylist finish, no extra ingredients not listed, square 1:1 format 800x800px, no text no watermarks"
m13,main,Beef Mince & Rice Bowl,"seasoned ground beef, brown rice, cottage cheese, Président Light Mozzarella, Parmesan, Light Sour Cream, greek yogurt, lime wedge",recipes/m13.jpg,"Professional food photography of Beef Mince & Rice Bowl. The dish contains only these ingredients: seasoned ground beef, brown rice, cottage cheese, Président Light Mozzarella, Parmesan, Light Sour Cream. Overhead flat-lay shot on a clean white marble surface, natural soft window light from the left, shallow depth of field, freshly plated and garnished, vibrant appetising colours, food stylist finish, no extra ingredients not listed, square 1:1 format 800x800px, no text no watermarks"
m04,main,Beef Mince Bake,"seasoned ground beef, White Potato, Sweet Potato, Broccoli, Zucchini",recipes/m04.jpg,"Professional food photography of Beef Mince Bake. The dish contains only these ingredients: seasoned ground beef, White Potato, Sweet Potato, Broccoli, Zucchini. Slight overhead angle in a rustic ceramic baking dish on a linen cloth, natural soft window light from the left, shallow depth of field, freshly plated and garnished, vibrant appetising colours, food stylist finish, no extra ingredients not listed, square 1:1 format 800x800px, no text no watermarks"
m02,main,Big Mac Protein Pasta,"seasoned ground beef, Pasta (Any Shape), greek yogurt, Chopped Tomatoes, Onion, Sugar-Free Ketchup, Sweet Relish, Baby Spinach, Dill Pickles / Gherkins",recipes/m02.jpg,"Professional food photography of Big Mac Protein Pasta. The dish contains only these ingredients: seasoned ground beef, Pasta (Any Shape), greek yogurt, Chopped Tomatoes, Onion, Sugar-Free Ketchup. 45-degree close-up angle in a white ceramic pasta bowl, natural soft window light from the left, shallow depth of field, freshly plated and garnished, vibrant appetising colours, food stylist finish, no extra ingredients not listed, square 1:1 format 800x800px, no text no watermarks"
hol4,main,Black Bean & Pumpkin Chilli Chicken Bowl,"grilled chicken, Butternut Pumpkin, Black Beans (Canned, Drained), Diced Tomatoes, Corn (Canned, Drained), roasted garlic",recipes/hol4.jpg,"Professional food photography of Black Bean & Pumpkin Chilli Chicken Bowl. The dish contains only these ingredients: grilled chicken, Butternut Pumpkin, Black Beans (Canned, Drained), Diced Tomatoes, Corn (Canned, Drained), roasted garlic. Overhead flat-lay shot on a clean white marble surface, natural soft window light from the left, shallow depth of field, freshly plated and garnished, vibrant appetising colours, food stylist finish, no extra ingredients not listed, square 1:1 format 800x800px, no text no watermarks"
m09,main,Buffalo Ranch Chicken Pasta,"grilled chicken, Beef Bacon (Cooked And Crumbled), Pasta (Rigatoni Or Any), cottage cheese, Président Light Mozzarella, Parmesan, Frank'S Red Hot Wings Sauce, Celery, Baby Spinach",recipes/m09.jpg,"Professional food photography of Buffalo Ranch Chicken Pasta. The dish contains only these ingredients: grilled chicken, Beef Bacon (Cooked And Crumbled), Pasta (Rigatoni Or Any), cottage cheese, Président Light Mozzarella, Parmesan. 45-degree close-up angle in a white ceramic pasta bowl, natural soft window light from the left, shallow depth of field, freshly plated and garnished, vibrant appetising colours, food stylist finish, no extra ingredients not listed, square 1:1 format 800x800px, no text no watermarks"
m28,main,Cheeseburger Burritos,"seasoned ground beef, Large Wholemeal Tortilla Wraps, Colby Jack Or Light Cheese (Slices), Romaine Lettuce, White Onion, Light Mayonnaise, Ketchup",recipes/m28.jpg,"Professional food photography of Cheeseburger Burritos. The dish contains only these ingredients: seasoned ground beef, Large Wholemeal Tortilla Wraps, Colby Jack Or Light Cheese (Slices), Romaine Lettuce, White Onion, Light Mayonnaise. Overhead flat-lay shot on a clean white marble surface, natural soft window light from the left, shallow depth of field, freshly plated and garnished, vibrant appetising colours, food stylist finish, no extra ingredients not listed, square 1:1 format 800x800px, no text no watermarks"
m38,main,Chicken & Cauliflower Rice Bowl,"grilled chicken, Cauliflower Rice (Frozen Or Fresh), Baby Spinach, Diced Tomatoes, Yellow Onion, roasted garlic",recipes/m38.jpg,"Professional food photography of Chicken & Cauliflower Rice Bowl. The dish contains only these ingredients: grilled chicken, Cauliflower Rice (Frozen Or Fresh), Baby Spinach, Diced Tomatoes, Yellow Onion, roasted garlic. Overhead flat-lay shot on a clean white marble surface, natural soft window light from the left, shallow depth of field, freshly plated and garnished, vibrant appetising colours, food stylist finish, no extra ingredients not listed, square 1:1 format 800x800px, no text no watermarks"
m45,main,Chicken & Red Lentil Soup,"grilled chicken, Red Lentils, Carrots, Celery Stalks, Diced Tomatoes, Yellow Onion, roasted garlic, Baby Spinach",recipes/m45.jpg,"Professional food photography of Chicken & Red Lentil Soup. The dish contains only these ingredients: grilled chicken, Red Lentils, Carrots, Celery Stalks, Diced Tomatoes, Yellow Onion. 45-degree close-up angle on a clean light wood surface, natural soft window light from the left, shallow depth of field, freshly plated and garnished, vibrant appetising colours, food stylist finish, no extra ingredients not listed, square 1:1 format 800x800px, no text no watermarks"
m14,main,Chicken Alfredo Red Sauce,"grilled chicken, Pasta (Farfalle Or Any), cottage cheese, Président Light Mozzarella, Parmesan, roasted garlic, Baby Spinach, Broccoli Florets, Mushrooms",recipes/m14.jpg,"Professional food photography of Chicken Alfredo Red Sauce. The dish contains only these ingredients: grilled chicken, Pasta (Farfalle Or Any), cottage cheese, Président Light Mozzarella, Parmesan, roasted garlic. 45-degree close-up angle in a white ceramic pasta bowl, natural soft window light from the left, shallow depth of field, freshly plated and garnished, vibrant appetising colours, food stylist finish, no extra ingredients not listed, square 1:1 format 800x800px, no text no watermarks"
m12,main,Chicken Bacon Mac,"grilled chicken, Beef Bacon, Pasta (Macaroni/Shells), cottage cheese, Président Light Mozzarella, Fat-Free Cream Cheese, Parmesan, Baladna Skimmed Milk, Raw Honey, Buffalo Sauce, Onion",recipes/m12.jpg,"Professional food photography of Chicken Bacon Mac. The dish contains only these ingredients: grilled chicken, Beef Bacon, Pasta (Macaroni/Shells), cottage cheese, Président Light Mozzarella, Fat-Free Cream Cheese. 45-degree close-up angle in a white ceramic pasta bowl, natural soft window light from the left, shallow depth of field, freshly plated and garnished, vibrant appetising colours, food stylist finish, no extra ingredients not listed, square 1:1 format 800x800px, no text no watermarks"
v3,main,Chickpea & Roasted Veggie Couscous,"Couscous, Red & Yellow Capsicum, Zucchini, Red Onion, harissa, Cucumber (Diced, For Serving), Fresh Parsley, lemon wedge, cottage cheese, greek yogurt",recipes/v3.jpg,"Professional food photography of Chickpea & Roasted Veggie Couscous. The dish contains only these ingredients: Couscous, Red & Yellow Capsicum, Zucchini, Red Onion, harissa, Cucumber (Diced, For Serving). 45-degree close-up angle on a clean light wood surface, natural soft window light from the left, shallow depth of field, freshly plated and garnished, vibrant appetising colours, food stylist finish, no extra ingredients not listed, square 1:1 format 800x800px, no text no watermarks"
m07,main,Chipotle Chicken Bowl,"grilled chicken, brown rice, cottage cheese, Président Light Mozzarella, Parmesan (Optional Topping), Light Sour Cream, Canned Sweet Corn, Mild Pico De Gallo, roasted garlic, lime wedge, Black Beans (Canned, Drained)",recipes/m07.jpg,"Professional food photography of Chipotle Chicken Bowl. The dish contains only these ingredients: grilled chicken, brown rice, cottage cheese, Président Light Mozzarella, Parmesan (Optional Topping), Light Sour Cream. Overhead flat-lay shot on a clean white marble surface, natural soft window light from the left, shallow depth of field, freshly plated and garnished, vibrant appetising colours, food stylist finish, no extra ingredients not listed, square 1:1 format 800x800px, no text no watermarks"
m31,main,"Classic Chicken, Rice & Broccoli","grilled chicken, brown rice, Broccoli Florets, roasted garlic, lemon wedge, Cherry Tomatoes, Fresh Parsley",recipes/m31.jpg,"Professional food photography of Classic Chicken, Rice & Broccoli. The dish contains only these ingredients: grilled chicken, brown rice, Broccoli Florets, roasted garlic, lemon wedge, Cherry Tomatoes. Overhead flat-lay shot on a clean white marble surface, natural soft window light from the left, shallow depth of field, freshly plated and garnished, vibrant appetising colours, food stylist finish, no extra ingredients not listed, square 1:1 format 800x800px, no text no watermarks"
m26,main,Creamy Steak Pasta,"Flank Steak (Raw, Trimmed), Penne Pasta, Large Sweet Onions, Reduced-Fat Cream Cheese, Fat-Free Evaporated Milk, cottage cheese, Parmigiano Reggiano, Gruyère Cheese, Baby Spinach, Mushrooms, Cherry Tomatoes",recipes/m26.jpg,"Professional food photography of Creamy Steak Pasta. The dish contains only these ingredients: Flank Steak (Raw, Trimmed), Penne Pasta, Large Sweet Onions, Reduced-Fat Cream Cheese, Fat-Free Evaporated Milk, cottage cheese. 45-degree close-up angle in a white ceramic pasta bowl, natural soft window light from the left, shallow depth of field, freshly plated and garnished, vibrant appetising colours, food stylist finish, no extra ingredients not listed, square 1:1 format 800x800px, no text no watermarks"
m21,main,Crispy Chicken Nuggets,"chicken pieces, Large Eggs, Corn Flakes (Crushed, Sugar-Free)",recipes/m21.jpg,"Professional food photography of Crispy Chicken Nuggets. The dish contains only these ingredients: chicken pieces, Large Eggs, Corn Flakes (Crushed, Sugar-Free). 45-degree close-up hero shot on a dark slate board, natural soft window light from the left, shallow depth of field, freshly plated and garnished, vibrant appetising colours, food stylist finish, no extra ingredients not listed, square 1:1 format 800x800px, no text no watermarks"
m43,main,Egg White Frittata & Roasted Potatoes,"Large Whole Eggs, Baby Potatoes, Baby Spinach, Yellow Onion, roasted garlic, cottage cheese",recipes/m43.jpg,"Professional food photography of Egg White Frittata & Roasted Potatoes. The dish contains only these ingredients: Large Whole Eggs, Baby Potatoes, Baby Spinach, Yellow Onion, roasted garlic, cottage cheese. Slight overhead angle in a rustic ceramic baking dish on a linen cloth, natural soft window light from the left, shallow depth of field, freshly plated and garnished, vibrant appetising colours, food stylist finish, no extra ingredients not listed, square 1:1 format 800x800px, no text no watermarks"
m05,main,French Onion Pasta,"grilled chicken, Pasta (Penne Or Short), cottage cheese, Président Light Mozzarella, Baladna Skimmed Milk, Butter, Yellow Onions (Large), roasted garlic, Mushrooms, Baby Spinach, Fresh Thyme",recipes/m05.jpg,"Professional food photography of French Onion Pasta. The dish contains only these ingredients: grilled chicken, Pasta (Penne Or Short), cottage cheese, Président Light Mozzarella, Baladna Skimmed Milk, Butter. 45-degree close-up angle in a white ceramic pasta bowl, natural soft window light from the left, shallow depth of field, freshly plated and garnished, vibrant appetising colours, food stylist finish, no extra ingredients not listed, square 1:1 format 800x800px, no text no watermarks"
m10,main,Garlic Parmesan Chicken Pasta,"grilled chicken, Pasta (Any Shape), Broccoli, Sun-Dried Tomatoes, Light Cream Cheese (Philadelphia Light), cottage cheese, Président Light Mozzarella, Baladna Skimmed Milk, roasted garlic",recipes/m10.jpg,"Professional food photography of Garlic Parmesan Chicken Pasta. The dish contains only these ingredients: grilled chicken, Pasta (Any Shape), Broccoli, Sun-Dried Tomatoes, Light Cream Cheese (Philadelphia Light), cottage cheese. 45-degree close-up angle in a white ceramic pasta bowl, natural soft window light from the left, shallow depth of field, freshly plated and garnished, vibrant appetising colours, food stylist finish, no extra ingredients not listed, square 1:1 format 800x800px, no text no watermarks"
m35,main,Garlic Shrimp Stir-Fry & Brown Rice,"prawns, brown rice, Snap Peas, Zucchini, Fresh Ginger, roasted garlic",recipes/m35.jpg,"Professional food photography of Garlic Shrimp Stir-Fry & Brown Rice. The dish contains only these ingredients: prawns, brown rice, Snap Peas, Zucchini, Fresh Ginger, roasted garlic. Overhead flat-lay shot on a clean white marble surface, natural soft window light from the left, shallow depth of field, freshly plated and garnished, vibrant appetising colours, food stylist finish, no extra ingredients not listed, square 1:1 format 800x800px, no text no watermarks"
m46,main,Greek Chicken & Orzo Bowl,"grilled chicken, Orzo Pasta, Cucumbers, Cherry Tomatoes, Kalamata Olives, Reduced-Fat Feta Cheese, lemon wedge, roasted garlic",recipes/m46.jpg,"Professional food photography of Greek Chicken & Orzo Bowl. The dish contains only these ingredients: grilled chicken, Orzo Pasta, Cucumbers, Cherry Tomatoes, Kalamata Olives, Reduced-Fat Feta Cheese. Overhead flat-lay shot on a clean white marble surface, natural soft window light from the left, shallow depth of field, freshly plated and garnished, vibrant appetising colours, food stylist finish, no extra ingredients not listed, square 1:1 format 800x800px, no text no watermarks"
v4,main,Greek Yogurt Egg & Veggie Protein Bowl,"Large Eggs, cottage cheese, Quinoa, Broccoli Florets, Red Capsicum, Kale Or Baby Spinach, roasted garlic, Parmesan Or Feta",recipes/v4.jpg,"Professional food photography of Greek Yogurt Egg & Veggie Protein Bowl. The dish contains only these ingredients: Large Eggs, cottage cheese, Quinoa, Broccoli Florets, Red Capsicum, Kale Or Baby Spinach. Overhead flat-lay shot on a clean white marble surface, natural soft window light from the left, shallow depth of field, freshly plated and garnished, vibrant appetising colours, food stylist finish, no extra ingredients not listed, square 1:1 format 800x800px, no text no watermarks"
m11,main,Green Pepper & Onion Pasta,"grilled chicken, Pasta (Spaghetti Or Any), cottage cheese, Parmesan (Topping), Butter, Onion, roasted garlic",recipes/m11.jpg,"Professional food photography of Green Pepper & Onion Pasta. The dish contains only these ingredients: grilled chicken, Pasta (Spaghetti Or Any), cottage cheese, Parmesan (Topping), Butter, Onion. 45-degree close-up angle in a white ceramic pasta bowl, natural soft window light from the left, shallow depth of field, freshly plated and garnished, vibrant appetising colours, food stylist finish, no extra ingredients not listed, square 1:1 format 800x800px, no text no watermarks"
hol9,main,Grilled Sirloin & Sweet Potato Mash Bowl,"Sirloin Steak (Lean, Raw, Trimmed), Sweet Potato, Broccoli Florets, greek yogurt, roasted garlic, Light Butter",recipes/hol9.jpg,"Professional food photography of Grilled Sirloin & Sweet Potato Mash Bowl. The dish contains only these ingredients: Sirloin Steak (Lean, Raw, Trimmed), Sweet Potato, Broccoli Florets, greek yogurt, roasted garlic, Light Butter. Overhead flat-lay shot on a clean white marble surface, natural soft window light from the left, shallow depth of field, freshly plated and garnished, vibrant appetising colours, food stylist finish, no extra ingredients not listed, square 1:1 format 800x800px, no text no watermarks"
m39,main,Ground Turkey Taco Bowl,"93/7 Turkey Mince, brown rice, Black Beans (400G Cans, Drained), Diced Tomatoes, Red Onion, roasted garlic, lime wedge",recipes/m39.jpg,"Professional food photography of Ground Turkey Taco Bowl. The dish contains only these ingredients: 93/7 Turkey Mince, brown rice, Black Beans (400G Cans, Drained), Diced Tomatoes, Red Onion, roasted garlic. Overhead flat-lay shot on a clean white marble surface, natural soft window light from the left, shallow depth of field, freshly plated and garnished, vibrant appetising colours, food stylist finish, no extra ingredients not listed, square 1:1 format 800x800px, no text no watermarks"
hol3,main,Herb-Crusted Lamb & Quinoa with Feta,"Lamb Leg Boneless, Quinoa, Asparagus Spears, greek yogurt, Feta Cheese (Light), lemon wedge, Fresh Mint Leaves, roasted garlic",recipes/hol3.jpg,"Professional food photography of Herb-Crusted Lamb & Quinoa with Feta. The dish contains only these ingredients: Lamb Leg Boneless, Quinoa, Asparagus Spears, greek yogurt, Feta Cheese (Light), lemon wedge. 45-degree close-up angle on a clean light wood surface, natural soft window light from the left, shallow depth of field, freshly plated and garnished, vibrant appetising colours, food stylist finish, no extra ingredients not listed, square 1:1 format 800x800px, no text no watermarks"
m51,main,Hibachi Steak Bowl,"Top Sirloin Steak (Raw, Trimmed), Large Eggs, brown rice, Frozen Peas, Frozen Carrots, Yellow Onion, Light Mayonnaise, Zucchini, Mushrooms",recipes/m51.jpg,"Professional food photography of Hibachi Steak Bowl. The dish contains only these ingredients: Top Sirloin Steak (Raw, Trimmed), Large Eggs, brown rice, Frozen Peas, Frozen Carrots, Yellow Onion. Overhead flat-lay shot on a clean white marble surface, natural soft window light from the left, shallow depth of field, freshly plated and garnished, vibrant appetising colours, food stylist finish, no extra ingredients not listed, square 1:1 format 800x800px, no text no watermarks"
m52,main,"Italian Herb Chicken, Rice & Broccoli","grilled chicken, brown rice, Broccoli (Florets), roasted garlic, Cherry Tomatoes, lemon wedge, Fresh Parsley",recipes/m52.jpg,"Professional food photography of Italian Herb Chicken, Rice & Broccoli. The dish contains only these ingredients: grilled chicken, brown rice, Broccoli (Florets), roasted garlic, Cherry Tomatoes, lemon wedge. Overhead flat-lay shot on a clean white marble surface, natural soft window light from the left, shallow depth of field, freshly plated and garnished, vibrant appetising colours, food stylist finish, no extra ingredients not listed, square 1:1 format 800x800px, no text no watermarks"
m53,main,"Italian Herb Chicken, Sweet Potato & Broccoli","grilled chicken, Sweet Potato, Broccoli (Florets), roasted garlic, Cherry Tomatoes, lemon wedge",recipes/m53.jpg,"Professional food photography of Italian Herb Chicken, Sweet Potato & Broccoli. The dish contains only these ingredients: grilled chicken, Sweet Potato, Broccoli (Florets), roasted garlic, Cherry Tomatoes, lemon wedge. 45-degree close-up angle on a clean light wood surface, natural soft window light from the left, shallow depth of field, freshly plated and garnished, vibrant appetising colours, food stylist finish, no extra ingredients not listed, square 1:1 format 800x800px, no text no watermarks"
m54,main,Lean Beef Bowl with Rice & Vegetables,"ground beef, brown rice, Broccoli (Florets), cottage cheese, roasted garlic, Baby Spinach, Cherry Tomatoes",recipes/m54.jpg,"Professional food photography of Lean Beef Bowl with Rice & Vegetables. The dish contains only these ingredients: ground beef, brown rice, Broccoli (Florets), cottage cheese, roasted garlic, Baby Spinach. Overhead flat-lay shot on a clean white marble surface, natural soft window light from the left, shallow depth of field, freshly plated and garnished, vibrant appetising colours, food stylist finish, no extra ingredients not listed, square 1:1 format 800x800px, no text no watermarks"
m55,main,Lean Beef Bowl with Sweet Potato & Vegetables,"ground beef, Sweet Potato, Broccoli (Florets), cottage cheese, roasted garlic, Baby Spinach, Cherry Tomatoes",recipes/m55.jpg,"Professional food photography of Lean Beef Bowl with Sweet Potato & Vegetables. The dish contains only these ingredients: ground beef, Sweet Potato, Broccoli (Florets), cottage cheese, roasted garlic, Baby Spinach. Overhead flat-lay shot on a clean white marble surface, natural soft window light from the left, shallow depth of field, freshly plated and garnished, vibrant appetising colours, food stylist finish, no extra ingredients not listed, square 1:1 format 800x800px, no text no watermarks"
m56,main,Herb Chicken Bowl with Rice & Vegetables,"grilled chicken, brown rice, Broccoli (Florets), cottage cheese, Baby Spinach, Cherry Tomatoes",recipes/m56.jpg,"Professional food photography of Herb Chicken Bowl with Rice & Vegetables. The dish contains only these ingredients: grilled chicken, brown rice, Broccoli (Florets), cottage cheese, Baby Spinach, Cherry Tomatoes. Overhead flat-lay shot on a clean white marble surface, natural soft window light from the left, shallow depth of field, freshly plated and garnished, vibrant appetising colours, food stylist finish, no extra ingredients not listed, square 1:1 format 800x800px, no text no watermarks"
m57,main,Herb Chicken Bowl with Sweet Potato & Vegetables,"grilled chicken, Sweet Potato, Broccoli (Florets), cottage cheese, Baby Spinach, Cherry Tomatoes",recipes/m57.jpg,"Professional food photography of Herb Chicken Bowl with Sweet Potato & Vegetables. The dish contains only these ingredients: grilled chicken, Sweet Potato, Broccoli (Florets), cottage cheese, Baby Spinach, Cherry Tomatoes. Overhead flat-lay shot on a clean white marble surface, natural soft window light from the left, shallow depth of field, freshly plated and garnished, vibrant appetising colours, food stylist finish, no extra ingredients not listed, square 1:1 format 800x800px, no text no watermarks"
m58,main,"️ Lean Beef Chili with Sweet Potato, Spinach & Corn","ground beef, Sweet Potato, Baby Spinach, Corn / Sweetcorn, Passata (Tomato Sauce), roasted garlic",recipes/m58.jpg,"Professional food photography of ️ Lean Beef Chili with Sweet Potato, Spinach & Corn. The dish contains only these ingredients: ground beef, Sweet Potato, Baby Spinach, Corn / Sweetcorn, Passata (Tomato Sauce), roasted garlic. 45-degree close-up angle on a clean light wood surface, natural soft window light from the left, shallow depth of field, freshly plated and garnished, vibrant appetising colours, food stylist finish, no extra ingredients not listed, square 1:1 format 800x800px, no text no watermarks"
m59,main,"Beef, Cottage Cheese & Sweet Potato Bowl","seasoned ground beef, cottage cheese, Sweet Potato, roasted garlic, Cherry Tomatoes, Red Onion, Fresh Parsley",recipes/m59.jpg,"Professional food photography of Beef, Cottage Cheese & Sweet Potato Bowl. The dish contains only these ingredients: seasoned ground beef, cottage cheese, Sweet Potato, roasted garlic, Cherry Tomatoes, Red Onion. Overhead flat-lay shot on a clean white marble surface, natural soft window light from the left, shallow depth of field, freshly plated and garnished, vibrant appetising colours, food stylist finish, no extra ingredients not listed, square 1:1 format 800x800px, no text no watermarks"
m60,main,"Chicken, Quinoa & Zucchini Bowl","grilled chicken, Quinoa, Zucchini / Courgette, roasted garlic, lemon wedge, Cherry Tomatoes, Chili Flakes",recipes/m60.jpg,"Professional food photography of Chicken, Quinoa & Zucchini Bowl. The dish contains only these ingredients: grilled chicken, Quinoa, Zucchini / Courgette, roasted garlic, lemon wedge, Cherry Tomatoes. Overhead flat-lay shot on a clean white marble surface, natural soft window light from the left, shallow depth of field, freshly plated and garnished, vibrant appetising colours, food stylist finish, no extra ingredients not listed, square 1:1 format 800x800px, no text no watermarks"
m61,main,"Ground Beef, Eggs & Brown Rice Bowl","seasoned ground beef, Eggs (Whole, Large), brown rice, roasted garlic, Spring Onion / Scallion",recipes/m61.jpg,"Professional food photography of Ground Beef, Eggs & Brown Rice Bowl. The dish contains only these ingredients: seasoned ground beef, Eggs (Whole, Large), brown rice, roasted garlic, Spring Onion / Scallion. Overhead flat-lay shot on a clean white marble surface, natural soft window light from the left, shallow depth of field, freshly plated and garnished, vibrant appetising colours, food stylist finish, no extra ingredients not listed, square 1:1 format 800x800px, no text no watermarks"
m62,main,"Salmon, Avocado & Spinach Bowl","Salmon (Atlantic, Raw), Avocado, Baby Spinach, lemon wedge, roasted garlic, Capers (In Brine, Drained), Cucumber, Fresh Dill",recipes/m62.jpg,"Professional food photography of Salmon, Avocado & Spinach Bowl. The dish contains only these ingredients: Salmon (Atlantic, Raw), Avocado, Baby Spinach, lemon wedge, roasted garlic, Capers (In Brine, Drained). Overhead flat-lay shot on a clean white marble surface, natural soft window light from the left, shallow depth of field, freshly plated and garnished, vibrant appetising colours, food stylist finish, no extra ingredients not listed, square 1:1 format 800x800px, no text no watermarks"
m25,main,High-Protein KFC Mac & Cheese,"grilled chicken, Large Eggs, Macaroni Pasta, Fat-Free Evaporated Milk, Light Cream Cheese, Grated Cheddar, Broccoli Florets, Baby Spinach",recipes/m25.jpg,"Professional food photography of High-Protein KFC Mac & Cheese. The dish contains only these ingredients: grilled chicken, Large Eggs, Macaroni Pasta, Fat-Free Evaporated Milk, Light Cream Cheese, Grated Cheddar. 45-degree close-up angle in a white ceramic pasta bowl, natural soft window light from the left, shallow depth of field, freshly plated and garnished, vibrant appetising colours, food stylist finish, no extra ingredients not listed, square 1:1 format 800x800px, no text no watermarks"
m06,main,Honey Chipotle Chicken Bowl,"grilled chicken, brown rice, cottage cheese, Président Light Mozzarella, Parmesan, Baladna Skimmed Milk, Tomato Sauce, Raw Honey, roasted garlic, Black Beans (Canned, Drained), Baby Spinach",recipes/m06.jpg,"Professional food photography of Honey Chipotle Chicken Bowl. The dish contains only these ingredients: grilled chicken, brown rice, cottage cheese, Président Light Mozzarella, Parmesan, Baladna Skimmed Milk. Overhead flat-lay shot on a clean white marble surface, natural soft window light from the left, shallow depth of field, freshly plated and garnished, vibrant appetising colours, food stylist finish, no extra ingredients not listed, square 1:1 format 800x800px, no text no watermarks"
m16,main,Honey Chipotle Chicken Burritos,"grilled chicken, Fat-Free Mozzarella, cottage cheese, brown rice, High-Fiber Tortilla Wraps (110 Cal), Raw Honey, Tomato Sauce, Fat-Free Milk, roasted garlic, Baby Spinach",recipes/m16.jpg,"Professional food photography of Honey Chipotle Chicken Burritos. The dish contains only these ingredients: grilled chicken, Fat-Free Mozzarella, cottage cheese, brown rice, High-Fiber Tortilla Wraps (110 Cal), Raw Honey. Overhead flat-lay shot on a clean white marble surface, natural soft window light from the left, shallow depth of field, freshly plated and garnished, vibrant appetising colours, food stylist finish, no extra ingredients not listed, square 1:1 format 800x800px, no text no watermarks"
hol8,main,Honey-Glazed Chicken & Strawberry Spinach Quinoa,"grilled chicken, Quinoa, Baby Spinach, Strawberries (Hulled, Halved), Sliced Almonds, greek yogurt, Honey, roasted garlic",recipes/hol8.jpg,"Professional food photography of Honey-Glazed Chicken & Strawberry Spinach Quinoa. The dish contains only these ingredients: grilled chicken, Quinoa, Baby Spinach, Strawberries (Hulled, Halved), Sliced Almonds, greek yogurt. 45-degree close-up angle on a clean light wood surface, natural soft window light from the left, shallow depth of field, freshly plated and garnished, vibrant appetising colours, food stylist finish, no extra ingredients not listed, square 1:1 format 800x800px, no text no watermarks"
m22,main,Hot Honey Beef & Sweet Potato Bowls,"seasoned ground beef, Sweet Potatoes, Brussels Sprouts (Quartered), Honey, roasted garlic",recipes/m22.jpg,"Professional food photography of Hot Honey Beef & Sweet Potato Bowls. The dish contains only these ingredients: seasoned ground beef, Sweet Potatoes, Brussels Sprouts (Quartered), Honey, roasted garlic. Overhead flat-lay shot on a clean white marble surface, natural soft window light from the left, shallow depth of field, freshly plated and garnished, vibrant appetising colours, food stylist finish, no extra ingredients not listed, square 1:1 format 800x800px, no text no watermarks"
m20,main,Juicy Garlic Lemon Chicken,"grilled chicken, greek yogurt, lemon wedge, roasted garlic",recipes/m20.jpg,"Professional food photography of Juicy Garlic Lemon Chicken. The dish contains only these ingredients: grilled chicken, greek yogurt, lemon wedge, roasted garlic. 45-degree close-up angle on a clean light wood surface, natural soft window light from the left, shallow depth of field, freshly plated and garnished, vibrant appetising colours, food stylist finish, no extra ingredients not listed, square 1:1 format 800x800px, no text no watermarks"
m44,main,Lean Beef & Broccoli Rice Bowl,"seasoned ground beef, Broccoli Florets, brown rice, Oyster Sauce, Fresh Ginger, roasted garlic, Snap Peas, Mushrooms",recipes/m44.jpg,"Professional food photography of Lean Beef & Broccoli Rice Bowl. The dish contains only these ingredients: seasoned ground beef, Broccoli Florets, brown rice, Oyster Sauce, Fresh Ginger, roasted garlic. Overhead flat-lay shot on a clean white marble surface, natural soft window light from the left, shallow depth of field, freshly plated and garnished, vibrant appetising colours, food stylist finish, no extra ingredients not listed, square 1:1 format 800x800px, no text no watermarks"
m15,main,Lean Beef & Potato Roast,"Lean Beef Eye Of Round, Red Potatoes (Quartered), Baby Carrots, Yellow Onion",recipes/m15.jpg,"Professional food photography of Lean Beef & Potato Roast. The dish contains only these ingredients: Lean Beef Eye Of Round, Red Potatoes (Quartered), Baby Carrots, Yellow Onion. 45-degree close-up angle on a clean light wood surface, natural soft window light from the left, shallow depth of field, freshly plated and garnished, vibrant appetising colours, food stylist finish, no extra ingredients not listed, square 1:1 format 800x800px, no text no watermarks"
m08,main,Lean Beef Hamburger Helper,"seasoned ground beef, Pasta (Elbow Or Short), cottage cheese, Président Light Mozzarella, Parmesan (Topping), Onion, roasted garlic, Baby Spinach, Mushrooms",recipes/m08.jpg,"Professional food photography of Lean Beef Hamburger Helper. The dish contains only these ingredients: seasoned ground beef, Pasta (Elbow Or Short), cottage cheese, Président Light Mozzarella, Parmesan (Topping), Onion. 45-degree close-up hero shot on a dark slate board, natural soft window light from the left, shallow depth of field, freshly plated and garnished, vibrant appetising colours, food stylist finish, no extra ingredients not listed, square 1:1 format 800x800px, no text no watermarks"
m30,main,Lean Taco Salad,"seasoned ground beef, brown rice, Canned Black Beans, Canned Sweet Corn, Pico De Gallo / Fresh Salsa, Iceberg Lettuce, greek yogurt, Fat-Free Cheddar",recipes/m30.jpg,"Professional food photography of Lean Taco Salad. The dish contains only these ingredients: seasoned ground beef, brown rice, Canned Black Beans, Canned Sweet Corn, Pico De Gallo / Fresh Salsa, Iceberg Lettuce. Overhead flat-lay shot on a clean white marble surface, natural soft window light from the left, shallow depth of field, freshly plated and garnished, vibrant appetising colours, food stylist finish, no extra ingredients not listed, square 1:1 format 800x800px, no text no watermarks"
m33,main,Lean Turkey Mince Rice Bowl,"99/1 Turkey Mince, brown rice, Diced Tomatoes, Yellow Onion, roasted garlic, Zucchini / Courgette, Baby Spinach, Jalapeño (Optional, Sliced)",recipes/m33.jpg,"Professional food photography of Lean Turkey Mince Rice Bowl. The dish contains only these ingredients: 99/1 Turkey Mince, brown rice, Diced Tomatoes, Yellow Onion, roasted garlic, Zucchini / Courgette. Overhead flat-lay shot on a clean white marble surface, natural soft window light from the left, shallow depth of field, freshly plated and garnished, vibrant appetising colours, food stylist finish, no extra ingredients not listed, square 1:1 format 800x800px, no text no watermarks"
v1,main,Lentil & Spinach Dahl,"Red Lentils, Frozen Spinach, Coconut Milk (Reduced), Crushed Tomatoes (400G Can), Large Onion, roasted garlic, Fresh Ginger (Grated, 2 Tbsp), greek yogurt",recipes/v1.jpg,"Professional food photography of Lentil & Spinach Dahl. The dish contains only these ingredients: Red Lentils, Frozen Spinach, Coconut Milk (Reduced), Crushed Tomatoes (400G Can), Large Onion, roasted garlic. 45-degree close-up angle on a clean light wood surface, natural soft window light from the left, shallow depth of field, freshly plated and garnished, vibrant appetising colours, food stylist finish, no extra ingredients not listed, square 1:1 format 800x800px, no text no watermarks"
m01,main,Marry Me Chicken,"grilled chicken, brown rice, cottage cheese, greek yogurt, Parmesan, Spinach, Mushrooms, Frozen Peas, Carrots, Onion, roasted garlic",recipes/m01.jpg,"Professional food photography of Marry Me Chicken. The dish contains only these ingredients: grilled chicken, brown rice, cottage cheese, greek yogurt, Parmesan, Spinach. 45-degree close-up angle on a clean light wood surface, natural soft window light from the left, shallow depth of field, freshly plated and garnished, vibrant appetising colours, food stylist finish, no extra ingredients not listed, square 1:1 format 800x800px, no text no watermarks"
m03,main,Marry Me Chicken — Pasta,"grilled chicken, Pasta (Any Shape), cottage cheese, greek yogurt, Parmesan, Spinach, Mushrooms, Frozen Peas, Carrots, Onion, roasted garlic",recipes/m03.jpg,"Professional food photography of Marry Me Chicken — Pasta. The dish contains only these ingredients: grilled chicken, Pasta (Any Shape), cottage cheese, greek yogurt, Parmesan, Spinach. 45-degree close-up angle in a white ceramic pasta bowl, natural soft window light from the left, shallow depth of field, freshly plated and garnished, vibrant appetising colours, food stylist finish, no extra ingredients not listed, square 1:1 format 800x800px, no text no watermarks"
m23,main,Pepperoni Pizza Pasta,"seasoned ground beef, Lean Turkey Sausage, Low-Cal Pizza Sauce, 1/3 Less-Fat Cream Cheese, Mushrooms, Baby Spinach, Cherry Tomatoes",recipes/m23.jpg,"Professional food photography of Pepperoni Pizza Pasta. The dish contains only these ingredients: seasoned ground beef, Lean Turkey Sausage, Low-Cal Pizza Sauce, 1/3 Less-Fat Cream Cheese, Mushrooms, Baby Spinach. 45-degree close-up angle in a white ceramic pasta bowl, natural soft window light from the left, shallow depth of field, freshly plated and garnished, vibrant appetising colours, food stylist finish, no extra ingredients not listed, square 1:1 format 800x800px, no text no watermarks"
m41,main,Pork Tenderloin & Jasmine Rice,"sliced pork tenderloin, brown rice, Green Beans, roasted garlic, lemon wedge, Asparagus (Trimmed), Cherry Tomatoes",recipes/m41.jpg,"Professional food photography of Pork Tenderloin & Jasmine Rice. The dish contains only these ingredients: sliced pork tenderloin, brown rice, Green Beans, roasted garlic, lemon wedge, Asparagus (Trimmed). Overhead flat-lay shot on a clean white marble surface, natural soft window light from the left, shallow depth of field, freshly plated and garnished, vibrant appetising colours, food stylist finish, no extra ingredients not listed, square 1:1 format 800x800px, no text no watermarks"
m49,main,Prawn & Avocado Rice Bowl,"Raw King Prawns (Peeled), brown rice, Ripe Avocados, Mangoes (Ripe), lime wedge, roasted garlic, Red Chilli (Fresh), Fresh Cilantro",recipes/m49.jpg,"Professional food photography of Prawn & Avocado Rice Bowl. The dish contains only these ingredients: Raw King Prawns (Peeled), brown rice, Ripe Avocados, Mangoes (Ripe), lime wedge, roasted garlic. Overhead flat-lay shot on a clean white marble surface, natural soft window light from the left, shallow depth of field, freshly plated and garnished, vibrant appetising colours, food stylist finish, no extra ingredients not listed, square 1:1 format 800x800px, no text no watermarks"
m29,main,Ranch Beef Bowl,"seasoned ground beef, brown rice, Riced Cauliflower, Mixed Frozen Vegetables, greek yogurt, Fat-Free Mozzarella",recipes/m29.jpg,"Professional food photography of Ranch Beef Bowl. The dish contains only these ingredients: seasoned ground beef, brown rice, Riced Cauliflower, Mixed Frozen Vegetables, greek yogurt, Fat-Free Mozzarella. Overhead flat-lay shot on a clean white marble surface, natural soft window light from the left, shallow depth of field, freshly plated and garnished, vibrant appetising colours, food stylist finish, no extra ingredients not listed, square 1:1 format 800x800px, no text no watermarks"
hol1,main,Rosemary Turkey & Cranberry Sweet Potato Bowl,"Turkey Breast, Sweet Potato, Broccoli Florets, greek yogurt, Sugar-Free Cranberry Sauce, Fresh Rosemary Sprigs, roasted garlic",recipes/hol1.jpg,"Professional food photography of Rosemary Turkey & Cranberry Sweet Potato Bowl. The dish contains only these ingredients: Turkey Breast, Sweet Potato, Broccoli Florets, greek yogurt, Sugar-Free Cranberry Sauce, Fresh Rosemary Sprigs. Overhead flat-lay shot on a clean white marble surface, natural soft window light from the left, shallow depth of field, freshly plated and garnished, vibrant appetising colours, food stylist finish, no extra ingredients not listed, square 1:1 format 800x800px, no text no watermarks"
m19,main,Salmon & Avocado Burrito,"Salmon Loin, Ripe Avocado (Half), Red Onion (Half, Sliced), Light Feta Cheese, Whole Wheat Wrap, greek yogurt, lemon wedge",recipes/m19.jpg,"Professional food photography of Salmon & Avocado Burrito. The dish contains only these ingredients: Salmon Loin, Ripe Avocado (Half), Red Onion (Half, Sliced), Light Feta Cheese, Whole Wheat Wrap, greek yogurt. Overhead flat-lay shot on a clean white marble surface, natural soft window light from the left, shallow depth of field, freshly plated and garnished, vibrant appetising colours, food stylist finish, no extra ingredients not listed, square 1:1 format 800x800px, no text no watermarks"
m34,main,Salmon & Quinoa with Asparagus,"salmon fillet, Quinoa, Asparagus Spears, roasted garlic, lemon wedge, Fresh Dill Or Parsley",recipes/m34.jpg,"Professional food photography of Salmon & Quinoa with Asparagus. The dish contains only these ingredients: salmon fillet, Quinoa, Asparagus Spears, roasted garlic, lemon wedge, Fresh Dill Or Parsley. 45-degree close-up angle on a clean light wood surface, natural soft window light from the left, shallow depth of field, freshly plated and garnished, vibrant appetising colours, food stylist finish, no extra ingredients not listed, square 1:1 format 800x800px, no text no watermarks"
m48,main,Seared Tuna Steak & Quinoa Tabbouleh,"Yellowfin Tuna Steaks, Quinoa, Flat-Leaf Parsley (Large Bunch), Cucumbers, Cherry Tomatoes, Spring Onions (Bunch), lemon wedge",recipes/m48.jpg,"Professional food photography of Seared Tuna Steak & Quinoa Tabbouleh. The dish contains only these ingredients: Yellowfin Tuna Steaks, Quinoa, Flat-Leaf Parsley (Large Bunch), Cucumbers, Cherry Tomatoes, Spring Onions (Bunch). 45-degree close-up hero shot on a dark slate board, natural soft window light from the left, shallow depth of field, freshly plated and garnished, vibrant appetising colours, food stylist finish, no extra ingredients not listed, square 1:1 format 800x800px, no text no watermarks"
m32,main,Sirloin Steak & Sweet Potato Salad,"Sirloin Steak (Raw, Trimmed), Sweet Potatoes (Whole), Cucumbers, Cherry Tomatoes, Red Onion, lemon wedge",recipes/m32.jpg,"Professional food photography of Sirloin Steak & Sweet Potato Salad. The dish contains only these ingredients: Sirloin Steak (Raw, Trimmed), Sweet Potatoes (Whole), Cucumbers, Cherry Tomatoes, Red Onion, lemon wedge. Overhead flat-lay shot on a clean white marble surface, natural soft window light from the left, shallow depth of field, freshly plated and garnished, vibrant appetising colours, food stylist finish, no extra ingredients not listed, square 1:1 format 800x800px, no text no watermarks"
m50,main,Slow-Cooked Pulled Chicken & Rice,"grilled chicken, brown rice, Sweet Potatoes, Tomato Passata, Yellow Onion, roasted garlic, Baby Spinach (Stir In Last 5 Min), Corn (Canned, Drained)",recipes/m50.jpg,"Professional food photography of Slow-Cooked Pulled Chicken & Rice. The dish contains only these ingredients: grilled chicken, brown rice, Sweet Potatoes, Tomato Passata, Yellow Onion, roasted garlic. Overhead flat-lay shot on a clean white marble surface, natural soft window light from the left, shallow depth of field, freshly plated and garnished, vibrant appetising colours, food stylist finish, no extra ingredients not listed, square 1:1 format 800x800px, no text no watermarks"
hol5,main,Spiced Lamb & Lentil Rice (Mujadara-Style),"Lean Lamb Mince, brown rice, Green Lentils, Onion (Large), greek yogurt, roasted garlic",recipes/hol5.jpg,"Professional food photography of Spiced Lamb & Lentil Rice (Mujadara-Style). The dish contains only these ingredients: Lean Lamb Mince, brown rice, Green Lentils, Onion (Large), greek yogurt, roasted garlic. Overhead flat-lay shot on a clean white marble surface, natural soft window light from the left, shallow depth of field, freshly plated and garnished, vibrant appetising colours, food stylist finish, no extra ingredients not listed, square 1:1 format 800x800px, no text no watermarks"
m27,main,Sweet Potato Veggie Egg Bake,"Large Sweet Potato, Zucchini, Asparagus, Cherry Tomatoes, Large Eggs, Parmesan, cottage cheese",recipes/m27.jpg,"Professional food photography of Sweet Potato Veggie Egg Bake. The dish contains only these ingredients: Large Sweet Potato, Zucchini, Asparagus, Cherry Tomatoes, Large Eggs, Parmesan. Slight overhead angle in a rustic ceramic baking dish on a linen cloth, natural soft window light from the left, shallow depth of field, freshly plated and garnished, vibrant appetising colours, food stylist finish, no extra ingredients not listed, square 1:1 format 800x800px, no text no watermarks"
m47,main,Teriyaki Chicken & Edamame Rice,"grilled chicken, brown rice, Frozen Edamame (Shelled), Broccoli Florets, Honey, Fresh Ginger, roasted garlic, Cornstarch, Snap Peas, Bok Choy",recipes/m47.jpg,"Professional food photography of Teriyaki Chicken & Edamame Rice. The dish contains only these ingredients: grilled chicken, brown rice, Frozen Edamame (Shelled), Broccoli Florets, Honey, Fresh Ginger. Overhead flat-lay shot on a clean white marble surface, natural soft window light from the left, shallow depth of field, freshly plated and garnished, vibrant appetising colours, food stylist finish, no extra ingredients not listed, square 1:1 format 800x800px, no text no watermarks"
v2,main,Tofu & Edamame Teriyaki Bowl,"Extra-Firm Tofu (Pressed), Edamame (Frozen, Shelled), brown rice, Broccoli Florets, Teriyaki Sauce, roasted garlic, Sesame Seeds (Garnish)",recipes/v2.jpg,"Professional food photography of Tofu & Edamame Teriyaki Bowl. The dish contains only these ingredients: Extra-Firm Tofu (Pressed), Edamame (Frozen, Shelled), brown rice, Broccoli Florets, Teriyaki Sauce, roasted garlic. Overhead flat-lay shot on a clean white marble surface, natural soft window light from the left, shallow depth of field, freshly plated and garnished, vibrant appetising colours, food stylist finish, no extra ingredients not listed, square 1:1 format 800x800px, no text no watermarks"
m36,main,Tuna & Chickpea Power Bowl,"Cucumbers, Cherry Tomatoes, Red Onion, lemon wedge, Fresh Parsley",recipes/m36.jpg,"Professional food photography of Tuna & Chickpea Power Bowl. The dish contains only these ingredients: Cucumbers, Cherry Tomatoes, Red Onion, lemon wedge, Fresh Parsley. Overhead flat-lay shot on a clean white marble surface, natural soft window light from the left, shallow depth of field, freshly plated and garnished, vibrant appetising colours, food stylist finish, no extra ingredients not listed, square 1:1 format 800x800px, no text no watermarks"
v9,main,\uD83C\uDF73 Egg & Veggie Protein Frittata,"Large Eggs, cottage cheese, Reduced-Fat Feta, Broccoli Florets, Red Capsicum, Baby Spinach, Cherry Tomatoes, roasted garlic",recipes/v9.jpg,"Professional food photography of \uD83C\uDF73 Egg & Veggie Protein Frittata. The dish contains only these ingredients: Large Eggs, cottage cheese, Reduced-Fat Feta, Broccoli Florets, Red Capsicum, Baby Spinach. Slight overhead angle in a rustic ceramic baking dish on a linen cloth, natural soft window light from the left, shallow depth of field, freshly plated and garnished, vibrant appetising colours, food stylist finish, no extra ingredients not listed, square 1:1 format 800x800px, no text no watermarks"
v6,main,\uD83C\uDF73 Shakshuka Protein Bowls,"Large Eggs, Crushed Tomatoes (400G Can), Large Onion, roasted garlic, Reduced-Fat Feta, Chili Flakes (Tsp), Fresh Spinach",recipes/v6.jpg,"Professional food photography of \uD83C\uDF73 Shakshuka Protein Bowls. The dish contains only these ingredients: Large Eggs, Crushed Tomatoes (400G Can), Large Onion, roasted garlic, Reduced-Fat Feta, Chili Flakes (Tsp). Overhead flat-lay shot on a clean white marble surface, natural soft window light from the left, shallow depth of field, freshly plated and garnished, vibrant appetising colours, food stylist finish, no extra ingredients not listed, square 1:1 format 800x800px, no text no watermarks"
v8,main,\uD83E\uDD6C Spinach & White Bean Pasta,"White Beans / Cannellini (400G Can), Baby Spinach, cottage cheese, Parmesan, roasted garlic, lemon wedge, Skimmed Milk, Chili Flakes (Tsp)",recipes/v8.jpg,"Professional food photography of \uD83E\uDD6C Spinach & White Bean Pasta. The dish contains only these ingredients: White Beans / Cannellini (400G Can), Baby Spinach, cottage cheese, Parmesan, roasted garlic, lemon wedge. 45-degree close-up angle in a white ceramic pasta bowl, natural soft window light from the left, shallow depth of field, freshly plated and garnished, vibrant appetising colours, food stylist finish, no extra ingredients not listed, square 1:1 format 800x800px, no text no watermarks"
v5,main,\uD83E\uDDC0 Paneer Tikka Masala Bowl,"Paneer, brown rice, Crushed Tomatoes (400G Can), greek yogurt, Large Onion, roasted garlic, Fresh Ginger, Baby Spinach, cottage cheese",recipes/v5.jpg,"Professional food photography of \uD83E\uDDC0 Paneer Tikka Masala Bowl. The dish contains only these ingredients: Paneer, brown rice, Crushed Tomatoes (400G Can), greek yogurt, Large Onion, roasted garlic. Overhead flat-lay shot on a clean white marble surface, natural soft window light from the left, shallow depth of field, freshly plated and garnished, vibrant appetising colours, food stylist finish, no extra ingredients not listed, square 1:1 format 800x800px, no text no watermarks"
v7,main,\uD83E\uDEB4 Black Bean & Sweet Potato Burrito Bowls,"Black Beans (400G Can), Sweet Potato, brown rice, Canned Corn, Cherry Tomatoes, Red Onion, roasted garlic, Reduced-Fat Cheddar, lime wedge, greek yogurt",recipes/v7.jpg,"Professional food photography of \uD83E\uDEB4 Black Bean & Sweet Potato Burrito Bowls. The dish contains only these ingredients: Black Beans (400G Can), Sweet Potato, brown rice, Canned Corn, Cherry Tomatoes, Red Onion. Overhead flat-lay shot on a clean white marble surface, natural soft window light from the left, shallow depth of field, freshly plated and garnished, vibrant appetising colours, food stylist finish, no extra ingredients not listed, square 1:1 format 800x800px, no text no watermarks"
m42,main,White Fish & Mango Salsa Rice,"Tilapia Fillets, brown rice, Mangoes (Ripe), Cucumbers, Red Onion, lime wedge, Fresh Cilantro, Jalapeño (Optional)",recipes/m42.jpg,"Professional food photography of White Fish & Mango Salsa Rice. The dish contains only these ingredients: Tilapia Fillets, brown rice, Mangoes (Ripe), Cucumbers, Red Onion, lime wedge. Overhead flat-lay shot on a clean white marble surface, natural soft window light from the left, shallow depth of field, freshly plated and garnished, vibrant appetising colours, food stylist finish, no extra ingredients not listed, square 1:1 format 800x800px, no text no watermarks"
bf1,breakfast,Bacon & Hashbrown Bowl,"Large Eggs, Center-Cut Beef Bacon, Frozen Shredded Hashbrowns, Fat-Free Cheddar, Baby Spinach, Cherry Tomatoes",recipes/bf1.jpg,"Professional food photography of Bacon & Hashbrown Bowl. The dish contains only these ingredients: Large Eggs, Center-Cut Beef Bacon, Frozen Shredded Hashbrowns, Fat-Free Cheddar, Baby Spinach, Cherry Tomatoes. Overhead flat-lay shot on a clean white marble surface, natural soft window light from the left, shallow depth of field, freshly plated and garnished, vibrant appetising colours, food stylist finish, no extra ingredients not listed, square 1:1 format 800x800px, no text no watermarks"
bf2,breakfast,Breakfast Bagel Sandwich,"ground turkey, Large Eggs, Everything Bagels, Baby Spinach, Tomato (Fresh, Sliced)",recipes/bf2.jpg,"Professional food photography of Breakfast Bagel Sandwich. The dish contains only these ingredients: ground turkey, Large Eggs, Everything Bagels, Baby Spinach, Tomato (Fresh, Sliced). 45-degree lifestyle shot on a bright white breakfast table, natural soft window light from the left, shallow depth of field, freshly plated and garnished, vibrant appetising colours, food stylist finish, no extra ingredients not listed, square 1:1 format 800x800px, no text no watermarks"
bf3,breakfast,Carrot Protein Pancakes,"Grated Carrot, greek yogurt, Large Egg",recipes/bf3.jpg,"Professional food photography of Carrot Protein Pancakes. The dish contains only these ingredients: Grated Carrot, greek yogurt, Large Egg. Overhead flat-lay on a bright white kitchen counter with a wooden spoon, natural soft window light from the left, shallow depth of field, freshly plated and garnished, vibrant appetising colours, food stylist finish, no extra ingredients not listed, square 1:1 format 800x800px, no text no watermarks"
bf4,breakfast,Cottage Cheese & Toast,"cottage cheese, Wholegrain Bread Slice, Cherry Tomatoes, Cucumber, Fresh Parsley",recipes/bf4.jpg,"Professional food photography of Cottage Cheese & Toast. The dish contains only these ingredients: cottage cheese, Wholegrain Bread Slice, Cherry Tomatoes, Cucumber, Fresh Parsley. 45-degree lifestyle shot on a bright white breakfast table, natural soft window light from the left, shallow depth of field, freshly plated and garnished, vibrant appetising colours, food stylist finish, no extra ingredients not listed, square 1:1 format 800x800px, no text no watermarks"
bf5,breakfast,"Egg, Beef & Cheese Breakfast Bowl","seasoned ground beef, Large Eggs, brown rice, Fat-Free Cheddar, Fat-Free Mozzarella, Baby Spinach, Cherry Tomatoes",recipes/bf5.jpg,"Professional food photography of Egg, Beef & Cheese Breakfast Bowl. The dish contains only these ingredients: seasoned ground beef, Large Eggs, brown rice, Fat-Free Cheddar, Fat-Free Mozzarella, Baby Spinach. Overhead flat-lay shot on a clean white marble surface, natural soft window light from the left, shallow depth of field, freshly plated and garnished, vibrant appetising colours, food stylist finish, no extra ingredients not listed, square 1:1 format 800x800px, no text no watermarks"
bf6,breakfast,"Egg, Beef & Cheese Breakfast Burritos","seasoned ground beef, Large Eggs, Beef Bacon Slices, High-Fiber 12-Inch Tortilla Wraps, Baby Spinach",recipes/bf6.jpg,"Professional food photography of Egg, Beef & Cheese Breakfast Burritos. The dish contains only these ingredients: seasoned ground beef, Large Eggs, Beef Bacon Slices, High-Fiber 12-Inch Tortilla Wraps, Baby Spinach. Overhead flat-lay shot on a clean white marble surface, natural soft window light from the left, shallow depth of field, freshly plated and garnished, vibrant appetising colours, food stylist finish, no extra ingredients not listed, square 1:1 format 800x800px, no text no watermarks"
bf8,breakfast,Greek Yogurt Protein Bowl,"greek yogurt, Mixed Seeds, Mixed Berries (Fresh Or Frozen)",recipes/bf8.jpg,"Professional food photography of Greek Yogurt Protein Bowl. The dish contains only these ingredients: greek yogurt, Mixed Seeds, Mixed Berries (Fresh Or Frozen). Overhead flat-lay shot on a clean white marble surface, natural soft window light from the left, shallow depth of field, freshly plated and garnished, vibrant appetising colours, food stylist finish, no extra ingredients not listed, square 1:1 format 800x800px, no text no watermarks"
bf9,breakfast,High-Protein Breakfast,"cottage cheese, Smoked Turkey, Whole Eggs, Baker Street White Bread (Slices), Cherry Tomatoes, Skimmed Milk, Double Espresso (With Milk Above)",recipes/bf9.jpg,"Professional food photography of High-Protein Breakfast. The dish contains only these ingredients: cottage cheese, Smoked Turkey, Whole Eggs, Baker Street White Bread (Slices), Cherry Tomatoes, Skimmed Milk. 45-degree lifestyle shot on a bright white breakfast table, natural soft window light from the left, shallow depth of field, freshly plated and garnished, vibrant appetising colours, food stylist finish, no extra ingredients not listed, square 1:1 format 800x800px, no text no watermarks"
bf10,breakfast,High-Protein Breakfast Oats,"Rolled Oats, Milk, greek yogurt, Blueberries, Banana (Sliced, Half), Peanut Butter",recipes/bf10.jpg,"Professional food photography of High-Protein Breakfast Oats. The dish contains only these ingredients: Rolled Oats, Milk, greek yogurt, Blueberries, Banana (Sliced, Half), Peanut Butter. Overhead flat-lay on a bright white kitchen counter with a wooden spoon, natural soft window light from the left, shallow depth of field, freshly plated and garnished, vibrant appetising colours, food stylist finish, no extra ingredients not listed, square 1:1 format 800x800px, no text no watermarks"
bf11,breakfast,Protein Smoothie Bowl,"greek yogurt, Frozen Mixed Berries, Unsweetened Almond Milk",recipes/bf11.jpg,"Professional food photography of Protein Smoothie Bowl. The dish contains only these ingredients: greek yogurt, Frozen Mixed Berries, Unsweetened Almond Milk. Overhead flat-lay shot on a clean white marble surface, natural soft window light from the left, shallow depth of field, freshly plated and garnished, vibrant appetising colours, food stylist finish, no extra ingredients not listed, square 1:1 format 800x800px, no text no watermarks"
bf12,breakfast,Turkey Sausage Breakfast Bagel,"ground turkey, Large Eggs, Whole Grain Everything Bagels, Baby Spinach, Tomato (Fresh, Sliced)",recipes/bf12.jpg,"Professional food photography of Turkey Sausage Breakfast Bagel. The dish contains only these ingredients: ground turkey, Large Eggs, Whole Grain Everything Bagels, Baby Spinach, Tomato (Fresh, Sliced). 45-degree lifestyle shot on a bright white breakfast table, natural soft window light from the left, shallow depth of field, freshly plated and garnished, vibrant appetising colours, food stylist finish, no extra ingredients not listed, square 1:1 format 800x800px, no text no watermarks"
bf13,breakfast,\u{1FAD0} Blueberry Cinnamon Protein Oats,"Rolled Oats, Skimmed Milk, greek yogurt, Blueberries, Cinnamon",recipes/bf13.jpg,"Professional food photography of \u{1FAD0} Blueberry Cinnamon Protein Oats. The dish contains only these ingredients: Rolled Oats, Skimmed Milk, greek yogurt, Blueberries, Cinnamon. Overhead flat-lay on a bright white kitchen counter with a wooden spoon, natural soft window light from the left, shallow depth of field, freshly plated and garnished, vibrant appetising colours, food stylist finish, no extra ingredients not listed, square 1:1 format 800x800px, no text no watermarks"
bf14,breakfast,\u{1F34C} Banana Blueberry Protein Oats,"Rolled Oats, Skimmed Milk, greek yogurt, Banana (Half, Sliced), Blueberries, Cinnamon",recipes/bf14.jpg,"Professional food photography of \u{1F34C} Banana Blueberry Protein Oats. The dish contains only these ingredients: Rolled Oats, Skimmed Milk, greek yogurt, Banana (Half, Sliced), Blueberries, Cinnamon. Overhead flat-lay on a bright white kitchen counter with a wooden spoon, natural soft window light from the left, shallow depth of field, freshly plated and garnished, vibrant appetising colours, food stylist finish, no extra ingredients not listed, square 1:1 format 800x800px, no text no watermarks"
bf15,breakfast,\u{1F36B} Banana Dark Chocolate Lotus Protein Oats,"Rolled Oats, Skimmed Milk, greek yogurt, Banana (Half, Sliced), Godiva 72% Dark Chocolate, Melted, Cinnamon, Lotus Biscuit (Half, Crumbled)",recipes/bf15.jpg,"Professional food photography of \u{1F36B} Banana Dark Chocolate Lotus Protein Oats. The dish contains only these ingredients: Rolled Oats, Skimmed Milk, greek yogurt, Banana (Half, Sliced), Godiva 72% Dark Chocolate, Melted, Cinnamon. Overhead flat-lay on a bright white kitchen counter with a wooden spoon, natural soft window light from the left, shallow depth of field, freshly plated and garnished, vibrant appetising colours, food stylist finish, no extra ingredients not listed, square 1:1 format 800x800px, no text no watermarks"
d5,dessert,High-Protein Chocolate Banana Brownies,"Ripe Bananas, Mashed, Large Eggs, greek yogurt, Medjool Dates, Pitted, Milk Chocolate Chips",recipes/d5.jpg,"Professional food photography of High-Protein Chocolate Banana Brownies. The dish contains only these ingredients: Ripe Bananas, Mashed, Large Eggs, greek yogurt, Medjool Dates, Pitted, Milk Chocolate Chips. 45-degree close-up on parchment paper with scattered ingredients, natural soft window light from the left, shallow depth of field, freshly plated and garnished, vibrant appetising colours, food stylist finish, no extra ingredients not listed, square 1:1 format 800x800px, no text no watermarks"
ds2,dessert,Chocolate Protein Rice Cakes,"greek yogurt, Dark Chocolate Chips, Raw Honey",recipes/ds2.jpg,"Professional food photography of Chocolate Protein Rice Cakes. The dish contains only these ingredients: greek yogurt, Dark Chocolate Chips, Raw Honey. Overhead flat-lay shot on a clean white marble surface, natural soft window light from the left, shallow depth of field, freshly plated and garnished, vibrant appetising colours, food stylist finish, no extra ingredients not listed, square 1:1 format 800x800px, no text no watermarks"
pw2,preworkout,Banana & Oat Protein Smoothie,"Bananas (Ripe, Frozen), Rolled Oats, Unsweetened Almond Milk",recipes/pw2.jpg,"Professional food photography of Banana & Oat Protein Smoothie. The dish contains only these ingredients: Bananas (Ripe, Frozen), Rolled Oats, Unsweetened Almond Milk. Overhead flat-lay on a bright white kitchen counter with a wooden spoon, natural soft window light from the left, shallow depth of field, freshly plated and garnished, vibrant appetising colours, food stylist finish, no extra ingredients not listed, square 1:1 format 800x800px, no text no watermarks"
pw0,preworkout,Carb Bridge,"Kallo Rice Cakes, Jam (Any Flavour)",recipes/pw0.jpg,"Professional food photography of Carb Bridge. The dish contains only these ingredients: Kallo Rice Cakes, Jam (Any Flavour). Overhead flat-lay on a clean white gym-style surface, natural soft window light from the left, shallow depth of field, freshly plated and garnished, vibrant appetising colours, food stylist finish, no extra ingredients not listed, square 1:1 format 800x800px, no text no watermarks"
pw6,preworkout,Chocolate Milk & Banana,"Low-Fat Chocolate Milk, Bananas, Plain Rice Cakes",recipes/pw6.jpg,"Professional food photography of Chocolate Milk & Banana. The dish contains only these ingredients: Low-Fat Chocolate Milk, Bananas, Plain Rice Cakes. Overhead flat-lay on a clean white gym-style surface, natural soft window light from the left, shallow depth of field, freshly plated and garnished, vibrant appetising colours, food stylist finish, no extra ingredients not listed, square 1:1 format 800x800px, no text no watermarks"
pw4,preworkout,Egg White & Toast with Jam,"Wholegrain Bread (Loaf), Strawberry Jam (Low-Sugar)",recipes/pw4.jpg,"Professional food photography of Egg White & Toast with Jam. The dish contains only these ingredients: Wholegrain Bread (Loaf), Strawberry Jam (Low-Sugar). Overhead flat-lay on a clean white gym-style surface, natural soft window light from the left, shallow depth of field, freshly plated and garnished, vibrant appetising colours, food stylist finish, no extra ingredients not listed, square 1:1 format 800x800px, no text no watermarks"
pw3,preworkout,Greek Yogurt & Berry Bowl,"greek yogurt, Mixed Frozen Berries, Low-Sugar Granola, Honey",recipes/pw3.jpg,"Professional food photography of Greek Yogurt & Berry Bowl. The dish contains only these ingredients: greek yogurt, Mixed Frozen Berries, Low-Sugar Granola, Honey. Overhead flat-lay shot on a clean white marble surface, natural soft window light from the left, shallow depth of field, freshly plated and garnished, vibrant appetising colours, food stylist finish, no extra ingredients not listed, square 1:1 format 800x800px, no text no watermarks"
pw5,preworkout,Overnight Oats with Protein,"Rolled Oats, Unsweetened Almond Milk, Chia Seeds, Bananas Or Berries For Topping",recipes/pw5.jpg,"Professional food photography of Overnight Oats with Protein. The dish contains only these ingredients: Rolled Oats, Unsweetened Almond Milk, Chia Seeds, Bananas Or Berries For Topping. Overhead flat-lay on a bright white kitchen counter with a wooden spoon, natural soft window light from the left, shallow depth of field, freshly plated and garnished, vibrant appetising colours, food stylist finish, no extra ingredients not listed, square 1:1 format 800x800px, no text no watermarks"
